{"cameraMode":{"drawMode":0,"name":"Shaded","section":"Shading Mode"},"sceneLighting":true,"audioPlay":false,"sceneViewState":{"m_AlwaysRefresh":false,"showFog":true,"showSkybox":true,"showFlares":true,"showImageEffects":true,"showParticleSystems":true,"showVisualEffectGraphs":true,"m_FxEnabled":true},"in2DMode":false,"pivot":{"x":0.008321741595864296,"y":0.9978267550468445,"z":-0.247686505317688},"rotation":{"x":-0.002682901918888092,"y":0.9893695116043091,"z":0.01840662769973278,"w":0.14426669478416444},"size":10.963797569274903,"orthographic":true}